,Estado,Dia,Fiesta
0,Alabama,1 Jan,New Year's Day
1,Alabama,21 Jan,Martin Luther King Jr. Birthday
2,Alabama,21 Jan,Robert E. Lee's Birthday
3,Alabama,18 Feb,President's Day
4,Alabama,5 Mar,Mardi Gras Day
5,Alabama,22 Apr,Confederate Memorial Day
6,Alabama,27 May,Memorial Day
7,Alabama,3 Jun,Jefferson Davis Birthday
8,Alabama,4 Jul,Independence Day
9,Alabama,2 Sep,Labor Day
10,Alabama,14 Oct,Columbus Day
11,Alabama,11 Nov,Veterans Day
12,Alabama,28 Nov,Thanksgiving Day
13,Alabama,25 Dec,Christmas Day
14,Nebraska,1 Jan,New Year's Day
15,Nebraska,21 Jan,Martin Luther King Jr. Birthday
16,Nebraska,18 Feb,President's Day
17,Nebraska,26 Apr,Arbor Day
18,Nebraska,27 May,Memorial Day
19,Nebraska,4 Jul,Independence Day
20,Nebraska,2 Sep,Labor Day
21,Nebraska,14 Oct,Columbus Day
22,Nebraska,11 Nov,Veterans Day
23,Nebraska,28 Nov,Thanksgiving Day
24,Nebraska,29 Nov,Thanksgiving Friday
25,Nebraska,25 Dec,Christmas Day
26,Alaska,1 Jan,New Year's Day
27,Alaska,21 Jan,Martin Luther King Jr. Birthday
28,Alaska,18 Feb,President's Day
29,Alaska,25 Mar,Seward's Day
30,Alaska,27 May,Memorial Day
31,Alaska,4 Jul,Independence Day
32,Alaska,2 Sep,Labor Day
33,Alaska,18 Oct,Alaska Day
34,Alaska,11 Nov,Veterans Day
35,Alaska,28 Nov,Thanksgiving Day
36,Alaska,25 Dec,Christmas Day
37,Nevada,1 Jan,New Year's Day
38,Nevada,21 Jan,Martin Luther King Jr. Birthday
39,Nevada,18 Feb,President's Day
40,Nevada,27 May,Memorial Day
41,Nevada,4 Jul,Independence Day
42,Nevada,2 Sep,Labor Day
43,Nevada,25 Oct,Nevada Day
44,Nevada,11 Nov,Veterans Day
45,Nevada,28 Nov,Thanksgiving Day
46,Nevada,29 Nov,Family Day
47,Nevada,25 Dec,Christmas Day
48,Arizona,1 Jan,New Year's Day
49,Arizona,21 Jan,Martin Luther King Jr. Birthday
50,Arizona,18 Feb,President's Day
51,Arizona,27 May,Memorial Day
52,Arizona,4 Jul,Independence Day
53,Arizona,2 Sep,Labor Day
54,Arizona,14 Oct,Columbus Day
55,Arizona,11 Nov,Veterans Day
56,Arizona,28 Nov,Thanksgiving Day
57,Arizona,25 Dec,Christmas Day
58,New Hampshire,1 Jan,New Year's Day
59,New Hampshire,21 Jan,Martin Luther King Jr. Birthday
60,New Hampshire,18 Feb,President's Day
61,New Hampshire,27 May,Memorial Day
62,New Hampshire,4 Jul,Independence Day
63,New Hampshire,2 Sep,Labor Day
64,New Hampshire,11 Nov,Veterans Day
65,New Hampshire,28 Nov,Thanksgiving Day
66,New Hampshire,29 Nov,Thanksgiving Friday
67,New Hampshire,25 Dec,Christmas Day
68,Arkansas,1 Jan,New Year's Day
69,Arkansas,21 Jan,Martin Luther King Jr. Birthday
70,Arkansas,21 Jan,Robert E. Lee's Birthday
71,Arkansas,18 Feb,President's Day
72,Arkansas,18 Feb,Daisy Gatson Bates Day
73,Arkansas,27 May,Memorial Day
74,Arkansas,4 Jul,Independence Day
75,Arkansas,2 Sep,Labor Day
76,Arkansas,11 Nov,Veterans Day
77,Arkansas,28 Nov,Thanksgiving Day
78,Arkansas,24 Dec,Christmas Eve
79,Arkansas,25 Dec,Christmas Day
80,Arkansas,26 Dec,Christmas Holiday
81,New Jersey,1 Jan,New Year's Day
82,New Jersey,21 Jan,Martin Luther King Jr. Birthday
83,New Jersey,18 Feb,President's Day
84,New Jersey,19 Apr,Good Friday
85,New Jersey,27 May,Memorial Day
86,New Jersey,4 Jul,Independence Day
87,New Jersey,2 Sep,Labor Day
88,New Jersey,14 Oct,Columbus Day
89,New Jersey,11 Nov,Veterans Day
90,New Jersey,28 Nov,Thanksgiving Day
91,New Jersey,25 Dec,Christmas Day
92,California,1 Jan,New Year's Day
93,California,21 Jan,Martin Luther King Jr. Birthday
94,California,4 Feb,Rosa Parks Day
95,California,18 Feb,President's Day
96,California,31 Mar,César Chávez Day
97,California,27 May,Memorial Day
98,California,4 Jul,Independence Day
99,California,2 Sep,Labor Day
100,California,11 Nov,Veterans Day
101,California,28 Nov,Thanksgiving Day
102,California,29 Nov,Thanksgiving Friday
103,California,25 Dec,Christmas Day
104,New Mexico,1 Jan,New Year's Day
105,New Mexico,21 Jan,Martin Luther King Jr. Birthday
106,New Mexico,27 May,Memorial Day
107,New Mexico,4 Jul,Independence Day
108,New Mexico,2 Sep,Labor Day
109,New Mexico,14 Oct,Columbus Day
110,New Mexico,11 Nov,Veterans Day
111,New Mexico,28 Nov,Thanksgiving Day
112,New Mexico,29 Nov,President's Day Holiday
113,New Mexico,25 Dec,Christmas Day
114,Colorado,1 Jan,New Year's Day
115,Colorado,21 Jan,Martin Luther King Jr. Birthday
116,Colorado,18 Feb,President's Day
117,Colorado,27 May,Memorial Day
118,Colorado,4 Jul,Independence Day
119,Colorado,2 Sep,Labor Day
120,Colorado,14 Oct,Columbus Day
121,Colorado,11 Nov,Veterans Day
122,Colorado,28 Nov,Thanksgiving Day
123,Colorado,25 Dec,Christmas Day
124,New York,1 Jan,New Year's Day
125,New York,21 Jan,Martin Luther King Jr. Birthday
126,New York,12 Feb,Lincoln's Birthday
127,New York,18 Feb,President's Day
128,New York,27 May,Memorial Day
129,New York,4 Jul,Independence Day
130,New York,2 Sep,Labor Day
131,New York,14 Oct,Columbus Day
132,New York,11 Nov,Veterans Day
133,New York,28 Nov,Thanksgiving Day
134,New York,25 Dec,Christmas Day
135,Connecticut,1 Jan,New Year's Day
136,Connecticut,21 Jan,Martin Luther King Jr. Birthday
137,Connecticut,12 Feb,Lincoln's Birthday
138,Connecticut,18 Feb,President's Day
139,Connecticut,19 Apr,Good Friday
140,Connecticut,27 May,Memorial Day
141,Connecticut,4 Jul,Independence Day
142,Connecticut,2 Sep,Labor Day
143,Connecticut,14 Oct,Columbus Day
144,Connecticut,11 Nov,Veterans Day
145,Connecticut,28 Nov,Thanksgiving Day
146,Connecticut,25 Dec,Christmas Day
147,North Carolina,1 Jan,New Year's Day
148,North Carolina,21 Jan,Martin Luther King Jr. Birthday
149,North Carolina,19 Apr,Good Friday
150,North Carolina,27 May,Memorial Day
151,North Carolina,4 Jul,Independence Day
152,North Carolina,2 Sep,Labor Day
153,North Carolina,11 Nov,Veterans Day
154,North Carolina,28 Nov,Thanksgiving Day
155,North Carolina,29 Nov,Thanksgiving Friday
156,North Carolina,24 Dec,Christmas Eve
157,North Carolina,25 Dec,Christmas Day
158,North Carolina,26 Dec,Christmas Holiday
159,Delaware,1 Jan,New Year's Day
160,Delaware,21 Jan,Martin Luther King Jr. Birthday
161,Delaware,19 Apr,Good Friday
162,Delaware,27 May,Memorial Day
163,Delaware,4 Jul,Independence Day
164,Delaware,2 Sep,Labor Day
165,Delaware,11 Nov,Veterans Day
166,Delaware,28 Nov,Thanksgiving Day
167,Delaware,29 Nov,Thanksgiving Friday
168,Delaware,25 Dec,Christmas Day
169,North Dakota,1 Jan,New Year's Day
170,North Dakota,21 Jan,Martin Luther King Jr. Birthday
171,North Dakota,18 Feb,President's Day
172,North Dakota,19 Apr,Good Friday
173,North Dakota,27 May,Memorial Day
174,North Dakota,4 Jul,Independence Day
175,North Dakota,2 Sep,Labor Day
176,North Dakota,11 Nov,Veterans Day
177,North Dakota,28 Nov,Thanksgiving Day
178,North Dakota,25 Dec,Christmas Day
179,District of Columbia,1 Jan,New Year's Day
180,District of Columbia,21 Jan,Martin Luther King Jr. Birthday
181,District of Columbia,18 Feb,President's Day
182,District of Columbia,16 Apr,DC Emancipation Day
183,District of Columbia,27 May,Memorial Day
184,District of Columbia,4 Jul,Independence Day
185,District of Columbia,2 Sep,Labor Day
186,District of Columbia,14 Oct,Columbus Day
187,District of Columbia,11 Nov,Veterans Day
188,District of Columbia,28 Nov,Thanksgiving Day
189,District of Columbia,25 Dec,Christmas Day
190,Ohio,1 Jan,New Year's Day
191,Ohio,21 Jan,Martin Luther King Jr. Birthday
192,Ohio,18 Feb,President's Day
193,Ohio,27 May,Memorial Day
194,Ohio,4 Jul,Independence Day
195,Ohio,2 Sep,Labor Day
196,Ohio,14 Oct,Columbus Day
197,Ohio,11 Nov,Veterans Day
198,Ohio,28 Nov,Thanksgiving Day
199,Ohio,1 Dec,Rosa Parks Day
200,Ohio,25 Dec,Christmas Day
201,Florida,1 Jan,New Year's Day
202,Florida,21 Jan,Martin Luther King Jr. Birthday
203,Florida,27 May,Memorial Day
204,Florida,4 Jul,Independence Day
205,Florida,2 Sep,Labor Day
206,Florida,11 Nov,Veterans Day
207,Florida,28 Nov,Thanksgiving Day
208,Florida,29 Nov,Thanksgiving Friday
209,Florida,25 Dec,Christmas Day
210,Oklahoma,1 Jan,New Year's Day
211,Oklahoma,21 Jan,Martin Luther King Jr. Birthday
212,Oklahoma,18 Feb,President's Day
213,Oklahoma,27 May,Memorial Day
214,Oklahoma,4 Jul,Independence Day
215,Oklahoma,2 Sep,Labor Day
216,Oklahoma,11 Nov,Veterans Day
217,Oklahoma,28 Nov,Thanksgiving Day
218,Oklahoma,29 Nov,Thanksgiving Friday
219,Oklahoma,25 Dec,Christmas Day
220,Oklahoma,26 Dec,Christmas Holiday
221,Georgia,1 Jan,New Year's Day
222,Georgia,21 Jan,Martin Luther King Jr. Birthday
223,Georgia,22 Apr,Confederate Memorial Day
224,Georgia,27 May,Memorial Day
225,Georgia,4 Jul,Independence Day
226,Georgia,2 Sep,Labor Day
227,Georgia,14 Oct,Columbus Day
228,Georgia,11 Nov,Veterans Day
229,Georgia,28 Nov,Thanksgiving Day
230,Georgia,29 Nov,Georgia State Holiday
231,Georgia,25 Dec,Christmas Day
232,Georgia,26 Dec,Washington's Birthday Holiday
233,Oregon,1 Jan,New Year's Day
234,Oregon,21 Jan,Martin Luther King Jr. Birthday
235,Oregon,18 Feb,President's Day
236,Oregon,27 May,Memorial Day
237,Oregon,4 Jul,Independence Day
238,Oregon,2 Sep,Labor Day
239,Oregon,11 Nov,Veterans Day
240,Oregon,28 Nov,Thanksgiving Day
241,Oregon,25 Dec,Christmas Day
242,Hawaii,1 Jan,New Year's Day
243,Hawaii,21 Jan,Martin Luther King Jr. Birthday
244,Hawaii,18 Feb,President's Day
245,Hawaii,26 Mar,Prince Jonah Kuhio Kalanianaole Day
246,Hawaii,19 Apr,Good Friday
247,Hawaii,27 May,Memorial Day
248,Hawaii,11 Jun,King Kamehameha Day
249,Hawaii,4 Jul,Independence Day
250,Hawaii,16 Aug,Statehood Day
251,Hawaii,2 Sep,Labor Day
252,Hawaii,11 Nov,Veterans Day
253,Hawaii,28 Nov,Thanksgiving Day
254,Hawaii,25 Dec,Christmas Day
255,Pennsylvania,1 Jan,New Year's Day
256,Pennsylvania,21 Jan,Martin Luther King Jr. Birthday
257,Pennsylvania,18 Feb,President's Day
258,Pennsylvania,27 May,Memorial Day
259,Pennsylvania,4 Jul,Independence Day
260,Pennsylvania,2 Sep,Labor Day
261,Pennsylvania,14 Oct,Columbus Day
262,Pennsylvania,11 Nov,Veterans Day
263,Pennsylvania,28 Nov,Thanksgiving Day
264,Pennsylvania,29 Nov,Thanksgiving Friday
265,Pennsylvania,25 Dec,Christmas Day
266,Idaho,1 Jan,New Year's Day
267,Idaho,21 Jan,Martin Luther King Jr. Birthday
268,Idaho,18 Feb,President's Day
269,Idaho,27 May,Memorial Day
270,Idaho,4 Jul,Independence Day
271,Idaho,2 Sep,Labor Day
272,Idaho,14 Oct,Columbus Day
273,Idaho,11 Nov,Veterans Day
274,Idaho,28 Nov,Thanksgiving Day
275,Idaho,25 Dec,Christmas Day
276,Rhode Island,1 Jan,New Year's Day
277,Rhode Island,21 Jan,Martin Luther King Jr. Birthday
278,Rhode Island,27 May,Memorial Day
279,Rhode Island,4 Jul,Independence Day
280,Rhode Island,12 Aug,Victory Day
281,Rhode Island,2 Sep,Labor Day
282,Rhode Island,14 Oct,Columbus Day
283,Rhode Island,11 Nov,Veterans Day
284,Rhode Island,28 Nov,Thanksgiving Day
285,Rhode Island,25 Dec,Christmas Day
286,Illinois,1 Jan,New Year's Day
287,Illinois,21 Jan,Martin Luther King Jr. Birthday
288,Illinois,12 Feb,Lincoln's Birthday
289,Illinois,18 Feb,President's Day
290,Illinois,27 May,Memorial Day
291,Illinois,4 Jul,Independence Day
292,Illinois,2 Sep,Labor Day
293,Illinois,14 Oct,Columbus Day
294,Illinois,11 Nov,Veterans Day
295,Illinois,28 Nov,Thanksgiving Day
296,Illinois,29 Nov,Thanksgiving Friday
297,Illinois,25 Dec,Christmas Day
298,South Carolina,1 Jan,New Year's Day
299,South Carolina,21 Jan,Martin Luther King Jr. Birthday
300,South Carolina,18 Feb,President's Day
301,South Carolina,10 May,Confederate Memorial Day
302,South Carolina,27 May,Memorial Day
303,South Carolina,4 Jul,Independence Day
304,South Carolina,2 Sep,Labor Day
305,South Carolina,11 Nov,Veterans Day
306,South Carolina,28 Nov,Thanksgiving Day
307,South Carolina,29 Nov,Thanksgiving Friday
308,South Carolina,24 Dec,Christmas Eve
309,South Carolina,25 Dec,Christmas Day
310,South Carolina,26 Dec,Christmas Holiday
311,Indiana,1 Jan,New Year's Day
312,Indiana,21 Jan,Martin Luther King Jr. Birthday
313,Indiana,19 Apr,Good Friday
314,Indiana,27 May,Memorial Day
315,Indiana,4 Jul,Independence Day
316,Indiana,2 Sep,Labor Day
317,Indiana,14 Oct,Columbus Day
318,Indiana,11 Nov,Veterans Day
319,Indiana,28 Nov,Thanksgiving Day
320,Indiana,29 Nov,Lincoln's Birthday Holiday
321,Indiana,25 Dec,Christmas Day
322,Indiana,26 Dec,Washington's Birthday Holiday
323,South Dakota,1 Jan,New Year's Day
324,South Dakota,21 Jan,Martin Luther King Jr. Birthday
325,South Dakota,18 Feb,President's Day
326,South Dakota,27 May,Memorial Day
327,South Dakota,4 Jul,Independence Day
328,South Dakota,2 Sep,Labor Day
329,South Dakota,14 Oct,Native American Day
330,South Dakota,11 Nov,Veterans Day
331,South Dakota,28 Nov,Thanksgiving Day
332,South Dakota,25 Dec,Christmas Day
333,Iowa,1 Jan,New Year's Day
334,Iowa,21 Jan,Martin Luther King Jr. Birthday
335,Iowa,27 May,Memorial Day
336,Iowa,4 Jul,Independence Day
337,Iowa,2 Sep,Labor Day
338,Iowa,11 Nov,Veterans Day
339,Iowa,28 Nov,Thanksgiving Day
340,Iowa,29 Nov,Thanksgiving Friday
341,Iowa,25 Dec,Christmas Day
342,Tennessee,1 Jan,New Year's Day
343,Tennessee,21 Jan,Martin Luther King Jr. Birthday
344,Tennessee,18 Feb,President's Day
345,Tennessee,19 Apr,Good Friday
346,Tennessee,27 May,Memorial Day
347,Tennessee,4 Jul,Independence Day
348,Tennessee,2 Sep,Labor Day
349,Tennessee,11 Nov,Veterans Day
350,Tennessee,28 Nov,Thanksgiving Day
351,Tennessee,29 Nov,Thanksgiving Friday
352,Tennessee,25 Dec,Christmas Day
353,Tennessee,26 Dec,Christmas Holiday
354,Kansas,1 Jan,New Year's Day
355,Kansas,21 Jan,Martin Luther King Jr. Birthday
356,Kansas,27 May,Memorial Day
357,Kansas,4 Jul,Independence Day
358,Kansas,2 Sep,Labor Day
359,Kansas,11 Nov,Veterans Day
360,Kansas,28 Nov,Thanksgiving Day
361,Kansas,29 Nov,Thanksgiving Friday
362,Kansas,25 Dec,Christmas Day
363,Texas,1 Jan,New Year's Day
364,Texas,19 Jan,Confederate Heroes Day
365,Texas,21 Jan,Martin Luther King Jr. Birthday
366,Texas,18 Feb,President's Day
367,Texas,2 Mar,Texas Independence Day
368,Texas,31 Mar,César Chávez Day
369,Texas,19 Apr,Good Friday
370,Texas,21 Apr,San Jacinto Day
371,Texas,27 May,Memorial Day
372,Texas,19 Jun,Juneteenth
373,Texas,4 Jul,Independence Day
374,Texas,27 Aug,Lyndon B Johnson Day
375,Texas,2 Sep,Labor Day
376,Texas,11 Nov,Veterans Day
377,Texas,28 Nov,Thanksgiving Day
378,Texas,29 Nov,Thanksgiving Friday
379,Texas,24 Dec,Christmas Eve
380,Texas,25 Dec,Christmas Day
381,Texas,26 Dec,Christmas Holiday
382,Kentucky,1 Jan,New Year's Day
383,Kentucky,21 Jan,Martin Luther King Jr. Birthday
384,Kentucky,19 Apr,Good Friday
385,Kentucky,27 May,Memorial Day
386,Kentucky,4 Jul,Independence Day
387,Kentucky,2 Sep,Labor Day
388,Kentucky,11 Nov,Veterans Day
389,Kentucky,28 Nov,Thanksgiving Day
390,Kentucky,29 Nov,Thanksgiving Friday
391,Kentucky,25 Dec,Christmas Day
392,Kentucky,31 Dec,New Year's Eve
393,Utah,1 Jan,New Year's Day
394,Utah,21 Jan,Martin Luther King Jr. Birthday
395,Utah,18 Feb,President's Day
396,Utah,27 May,Memorial Day
397,Utah,4 Jul,Independence Day
398,Utah,24 Jul,Pioneer Day
399,Utah,2 Sep,Labor Day
400,Utah,14 Oct,Columbus Day
401,Utah,11 Nov,Veterans Day
402,Utah,28 Nov,Thanksgiving Day
403,Utah,25 Dec,Christmas Day
404,Louisiana,1 Jan,New Year's Day
405,Louisiana,21 Jan,Martin Luther King Jr. Birthday
406,Louisiana,5 Mar,Mardi Gras Day
407,Louisiana,19 Apr,Good Friday
408,Louisiana,27 May,Memorial Day
409,Louisiana,4 Jul,Independence Day
410,Louisiana,2 Sep,Labor Day
411,Louisiana,11 Nov,Veterans Day
412,Louisiana,28 Nov,Thanksgiving Day
413,Louisiana,25 Dec,Christmas Day
414,Vermont,1 Jan,New Year's Day
415,Vermont,21 Jan,Martin Luther King Jr. Birthday
416,Vermont,18 Feb,President's Day
417,Vermont,5 Mar,Town Meeting Day
418,Vermont,27 May,Memorial Day
419,Vermont,4 Jul,Independence Day
420,Vermont,16 Aug,Bennington Battle Day
421,Vermont,2 Sep,Labor Day
422,Vermont,11 Nov,Veterans Day
423,Vermont,28 Nov,Thanksgiving Day
424,Vermont,25 Dec,Christmas Day
425,Maine,1 Jan,New Year's Day
426,Maine,21 Jan,Martin Luther King Jr. Birthday
427,Maine,18 Feb,President's Day
428,Maine,15 Apr,Patriots Day
429,Maine,27 May,Memorial Day
430,Maine,4 Jul,Independence Day
431,Maine,2 Sep,Labor Day
432,Maine,14 Oct,Columbus Day
433,Maine,11 Nov,Veterans Day
434,Maine,28 Nov,Thanksgiving Day
435,Maine,29 Nov,Thanksgiving Friday
436,Maine,25 Dec,Christmas Day
437,Virginia,1 Jan,New Year's Day
438,Virginia,18 Jan,Lee-Jackson Day
439,Virginia,21 Jan,Martin Luther King Jr. Birthday
440,Virginia,18 Feb,President's Day
441,Virginia,27 May,Memorial Day
442,Virginia,4 Jul,Independence Day
443,Virginia,2 Sep,Labor Day
444,Virginia,14 Oct,Columbus Day
445,Virginia,11 Nov,Veterans Day
446,Virginia,28 Nov,Thanksgiving Day
447,Virginia,29 Nov,Thanksgiving Friday
448,Virginia,25 Dec,Christmas Day
449,Maryland,1 Jan,New Year's Day
450,Maryland,21 Jan,Martin Luther King Jr. Birthday
451,Maryland,18 Feb,President's Day
452,Maryland,27 May,Memorial Day
453,Maryland,4 Jul,Independence Day
454,Maryland,2 Sep,Labor Day
455,Maryland,14 Oct,Columbus Day
456,Maryland,11 Nov,Veterans Day
457,Maryland,28 Nov,Thanksgiving Day
458,Maryland,29 Nov,American Indian Heritage Day
459,Maryland,25 Dec,Christmas Day
460,Washington,1 Jan,New Year's Day
461,Washington,21 Jan,Martin Luther King Jr. Birthday
462,Washington,18 Feb,President's Day
463,Washington,27 May,Memorial Day
464,Washington,4 Jul,Independence Day
465,Washington,2 Sep,Labor Day
466,Washington,11 Nov,Veterans Day
467,Washington,28 Nov,Thanksgiving Day
468,Washington,29 Nov,Native American Heritage Day
469,Washington,25 Dec,Christmas Day
470,Massachusetts,1 Jan,New Year's Day
471,Massachusetts,21 Jan,Martin Luther King Jr. Birthday
472,Massachusetts,18 Feb,President's Day
473,Massachusetts,15 Apr,Patriots Day
474,Massachusetts,27 May,Memorial Day
475,Massachusetts,4 Jul,Independence Day
476,Massachusetts,2 Sep,Labor Day
477,Massachusetts,14 Oct,Columbus Day
478,Massachusetts,11 Nov,Veterans Day
479,Massachusetts,28 Nov,Thanksgiving Day
480,Massachusetts,25 Dec,Christmas Day
481,West Virginia,1 Jan,New Year's Day
482,West Virginia,21 Jan,Martin Luther King Jr. Birthday
483,West Virginia,18 Feb,President's Day
484,West Virginia,27 May,Memorial Day
485,West Virginia,20 Jun,West Virginia Day
486,West Virginia,4 Jul,Independence Day
487,West Virginia,2 Sep,Labor Day
488,West Virginia,14 Oct,Columbus Day
489,West Virginia,11 Nov,Veterans Day
490,West Virginia,28 Nov,Thanksgiving Day
491,West Virginia,29 Nov,Thanksgiving Friday
492,West Virginia,25 Dec,Christmas Day
493,Michigan,1 Jan,New Year's Day
494,Michigan,21 Jan,Martin Luther King Jr. Birthday
495,Michigan,18 Feb,President's Day
496,Michigan,27 May,Memorial Day
497,Michigan,4 Jul,Independence Day
498,Michigan,2 Sep,Labor Day
499,Michigan,11 Nov,Veterans Day
500,Michigan,28 Nov,Thanksgiving Day
501,Michigan,29 Nov,Thanksgiving Friday
502,Michigan,24 Dec,Christmas Eve
503,Michigan,25 Dec,Christmas Day
504,Michigan,31 Dec,New Year's Eve
505,Wisconsin,1 Jan,New Year's Day
506,Wisconsin,21 Jan,Martin Luther King Jr. Birthday
507,Wisconsin,18 Feb,President's Day
508,Wisconsin,27 May,Memorial Day
509,Wisconsin,4 Jul,Independence Day
510,Wisconsin,2 Sep,Labor Day
511,Wisconsin,14 Oct,Columbus Day
512,Wisconsin,11 Nov,Veterans Day
513,Wisconsin,28 Nov,Thanksgiving Day
514,Wisconsin,25 Dec,Christmas Day
515,Minnesota,1 Jan,New Year's Day
516,Minnesota,21 Jan,Martin Luther King Jr. Birthday
517,Minnesota,18 Feb,President's Day
518,Minnesota,27 May,Memorial Day
519,Minnesota,4 Jul,Independence Day
520,Minnesota,2 Sep,Labor Day
521,Minnesota,11 Nov,Veterans Day
522,Minnesota,28 Nov,Thanksgiving Day
523,Minnesota,29 Nov,Thanksgiving Friday
524,Minnesota,25 Dec,Christmas Day
525,Wyoming,1 Jan,New Year's Day
526,Wyoming,21 Jan,Martin Luther King Jr. Birthday
527,Wyoming,18 Feb,President's Day
528,Wyoming,27 May,Memorial Day
529,Wyoming,4 Jul,Independence Day
530,Wyoming,2 Sep,Labor Day
531,Wyoming,11 Nov,Veterans Day
532,Wyoming,28 Nov,Thanksgiving Day
533,Wyoming,25 Dec,Christmas Day
534,Mississippi,1 Jan,New Year's Day
535,Mississippi,21 Jan,Martin Luther King Jr. Birthday
536,Mississippi,21 Jan,Robert E. Lee's Birthday
537,Mississippi,18 Feb,President's Day
538,Mississippi,29 Apr,Confederate Memorial Day
539,Mississippi,27 May,Memorial Day
540,Mississippi,4 Jul,Independence Day
541,Mississippi,2 Sep,Labor Day
542,Mississippi,11 Nov,Veterans Day
543,Mississippi,28 Nov,Thanksgiving Day
544,Mississippi,29 Nov,Thanksgiving Friday
545,Mississippi,25 Dec,Christmas Day
546,Missouri,1 Jan,New Year's Day
547,Missouri,21 Jan,Martin Luther King Jr. Birthday
548,Missouri,12 Feb,Lincoln's Birthday
549,Missouri,18 Feb,President's Day
550,Missouri,8 May,Truman Day
551,Missouri,27 May,Memorial Day
552,Missouri,4 Jul,Independence Day
553,Missouri,2 Sep,Labor Day
554,Missouri,14 Oct,Columbus Day
555,Missouri,11 Nov,Veterans Day
556,Missouri,28 Nov,Thanksgiving Day
557,Missouri,25 Dec,Christmas Day
558,Montana,1 Jan,New Year's Day
559,Montana,21 Jan,Martin Luther King Jr. Birthday
560,Montana,18 Feb,President's Day
561,Montana,27 May,Memorial Day
562,Montana,4 Jul,Independence Day
563,Montana,2 Sep,Labor Day
564,Montana,14 Oct,Columbus Day
565,Montana,11 Nov,Veterans Day
566,Montana,28 Nov,Thanksgiving Day
567,Montana,25 Dec,Christmas Day
